team1,team2,innings1_overs,innings1_wickets,innings1_runs,innings2_overs,innings2_wickets,innings2_runs,year
NEW ZEALAND,PAKISTAN,38.3,10,187,33.3,10,165,1973
ENGLAND,PAKISTAN,50,4,244,42.5,3,246,1974
ENGLAND,PAKISTAN,35,9,81,18,2,84,1974
AUSTRALIA,PAKISTAN,60,7,278,53,10,205,1975
PAKISTAN,SRI LANKA,60,6,330,50.1,10,138,1975
PAKISTAN,WEST INDIES,60,7,266,59.4,9,267,1975
NEW ZEALAND,PAKISTAN,35,8,198,35,9,197,1976
PAKISTAN,WEST INDIES,45,7,176,43.2,6,182,1977
PAKISTAN,ENGLAND,33.7,10,151,32.7,4,152,1977
PAKISTAN,ENGLAND,35,6,208,35,7,212,1977
ENGLAND,PAKISTAN,55,6,248,55,8,154,1978
ENGLAND,PAKISTAN,55,7,217,47,10,85,1978
INDIA,PAKISTAN,40,7,170,40,8,166,1978
INDIA,PAKISTAN,34.2,10,79,16.5,2,83,1978
PAKISTAN,ENGLAND,35,6,158,31.6,10,122,1978
PAKISTAN,INDIA,40,7,205,37.4,2,183,1978
CANADA,PAKISTAN,60,9,139,40.1,2,140,1979
ENGLAND,PAKISTAN,60,9,165,56,10,151,1979
WEST INDIES,PAKISTAN,60,6,293,56.2,10,250,1979
PAKISTAN,AUSTRALIA,60,7,286,57.1,10,197,1979
WEST INDIES,PAKISTAN,40,8,170,40,6,163,1980
PAKISTAN,WEST INDIES,40,4,200,35.3,3,201,1980
PAKISTAN,WEST INDIES,40,9,127,40,6,128,1980
AUSTRALIA,PAKISTAN,48.3,10,208,50,8,170,1981
AUSTRALIA,PAKISTAN,50,6,222,43.2,4,223,1981
AUSTRALIA,PAKISTAN,50,9,209,49.2,6,210,1981
WEST INDIES,PAKISTAN,50,8,245,50,6,227,1981
PAKISTAN,WEST INDIES,49,10,140,38.5,10,132,1981
PAKISTAN,WEST INDIES,44.4,9,160,42.2,3,161,1981
AUSTRALIA,PAKISTAN,50,5,230,40.3,9,154,1982
ENGLAND,PAKISTAN,55,8,295,49.4,10,222,1982
SRI LANKA,PAKISTAN,38.3,10,218,38.1,5,222,1982
SRI LANKA,PAKISTAN,33,3,171,29.2,2,174,1982
PAKISTAN,INDIA,40,4,224,40,6,210,1982
PAKISTAN,ENGLAND,55,6,250,47.1,3,252,1982
PAKISTAN,WEST INDIES,50,7,191,42.1,3,192,1982
PAKISTAN,SRI LANKA,40,4,239,33,4,227,1982
PAKISTAN,AUSTRALIA,50,6,218,49,10,193,1982
PAKISTAN,WEST INDIES,50,9,177,28.5,9,107,1982
PAKISTAN,AUSTRALIA,40,6,229,40,9,170,1982
PAKISTAN,INDIA,40,2,263,40,7,226,1982
PAKISTAN,AUSTRALIA,40,3,234,40,4,206,1982
PAKISTAN,INDIA,33,3,252,27,4,193,1982
INDIA,PAKISTAN,40,6,197,35,2,198,1983
NEW ZEALAND,PAKISTAN,60,9,238,55.2,10,186,1983
PAKISTAN,WEST INDIES,60,8,184,48.4,2,188,1983
PAKISTAN,NEW ZEALAND,60,3,261,59.1,10,250,1983
PAKISTAN,INDIA,46,9,166,40.4,6,169,1983
PAKISTAN,SRI LANKA,60,7,235,58.3,10,224,1983
PAKISTAN,INDIA,46,8,151,43,6,152,1983
PAKISTAN,ENGLAND,60,8,232,57.2,3,233,1983
PAKISTAN,ENGLAND,60,8,193,50.4,2,199,1983
PAKISTAN,SRI LANKA,60,5,338,60,9,288,1983
AUSTRALIA,PAKISTAN,50,8,209,45,10,166,1984
AUSTRALIA,PAKISTAN,50,8,244,47.2,10,157,1984
AUSTRALIA,PAKISTAN,50,8,210,45.2,10,140,1984
AUSTRALIA,PAKISTAN,50,8,264,50,9,230,1984
ENGLAND,PAKISTAN,40,8,184,38.4,4,187,1984
INDIA,PAKISTAN,46,4,188,39.4,10,134,1984
NEW ZEALAND,PAKISTAN,35,8,213,35,9,214,1984
NEW ZEALAND,PAKISTAN,36,9,187,36,8,153,1984
PAKISTAN,AUSTRALIA,42,6,184,3.5,0,15,1984
PAKISTAN,WEST INDIES,50,9,174,40.2,5,175,1984
PAKISTAN,WEST INDIES,50,8,177,49.1,9,180,1984
PAKISTAN,WEST INDIES,50,7,182,45,3,183,1984
PAKISTAN,INDIA,40,7,199,37.1,10,153,1984
PAKISTAN,SRI LANKA,46,9,187,43.3,5,190,1984
PAKISTAN,NEW ZEALAND,39,5,191,36.2,10,145,1984
PAKISTAN,WEST INDIES,50,8,184,48.3,5,185,1984
PAKISTAN,WEST INDIES,50,8,208,41.4,10,111,1984
PAKISTAN,ENGLAND,40,8,163,38.4,4,164,1984
PAKISTAN,NEW ZEALAND,20,5,157,20,7,152,1984
INDIA,PAKISTAN,42.4,10,125,32.5,10,87,1985
NEW ZEALAND,PAKISTAN,50,8,264,49.4,10,251,1985
NEW ZEALAND,PAKISTAN,50,6,277,50,9,167,1985
SRI LANKA,PAKISTAN,38,7,228,36.3,5,231,1985
SRI LANKA,PAKISTAN,39.2,10,145,32.5,2,147,1985
WEST INDIES,PAKISTAN,40,5,201,39.3,10,161,1985
WEST INDIES,PAKISTAN,44.3,10,159,46,3,160,1985
WEST INDIES,PAKISTAN,40,8,199,39.1,5,203,1985
WEST INDIES,PAKISTAN,36.2,10,173,38.3,4,175,1985
PAKISTAN,NEW ZEALAND,50,4,221,48.5,6,222,1985
PAKISTAN,AUSTRALIA,50,6,262,42.3,10,200,1985
PAKISTAN,ENGLAND,50,7,175,48.2,10,132,1985
PAKISTAN,INDIA,45,4,203,40.4,10,155,1985
PAKISTAN,INDIA,49.2,10,183,45.5,4,184,1985
PAKISTAN,WEST INDIES,45,4,196,44.1,3,199,1985
PAKISTAN,WEST INDIES,38,7,127,34.1,2,128,1985
PAKISTAN,INDIA,50,9,176,47.1,2,177,1985
PAKISTAN,WEST INDIES,40,5,218,35.3,2,224,1985
PAKISTAN,ENGLAND,50,8,213,24.2,10,146,1985
PAKISTAN,SRI LANKA,40,5,224,40,7,209,1985
AUSTRALIA,PAKISTAN,50,7,202,49.1,2,206,1986
BANGLADESH,PAKISTAN,35.3,10,94,32.1,3,98,1986
INDIA,PAKISTAN,50,7,245,50,9,248,1986
INDIA,PAKISTAN,40.2,10,144,43.3,7,145,1986
NEW ZEALAND,PAKISTAN,42,8,214,40.4,6,217,1986
NEW ZEALAND,PAKISTAN,35.5,10,64,22.4,0,66,1986
SRI LANKA,PAKISTAN,38,8,160,23,2,103,1986
SRI LANKA,PAKISTAN,23,6,124,21.3,2,125,1986
SRI LANKA,PAKISTAN,45,7,164,44,6,165,1986
WEST INDIES,PAKISTAN,50,7,196,43.5,6,155,1986
WEST INDIES,PAKISTAN,44,5,202,38.2,10,113,1986
PAKISTAN,WEST INDIES,50,8,199,46.2,10,165,1986
PAKISTAN,WEST INDIES,43.4,10,143,33.2,1,145,1986
PAKISTAN,WEST INDIES,45,7,148,44.3,6,151,1986
PAKISTAN,SRI LANKA,45,9,191,42.2,5,195,1986
PAKISTAN,WEST INDIES,45,6,202,45,7,191,1986
PAKISTAN,SRI LANKA,45,10,197,33.5,10,116,1986
PAKISTAN,WEST INDIES,49,7,164,45.3,6,165,1986
AUSTRALIA,PAKISTAN,50,8,267,49,10,249,1987
AUSTRALIA,PAKISTAN,50,9,176,46.4,4,180,1987
AUSTRALIA,PAKISTAN,50,6,273,49.5,9,274,1987
ENGLAND,PAKISTAN,51.1,10,157,52,4,158,1987
ENGLAND,PAKISTAN,50,9,244,49,3,247,1987
ENGLAND,PAKISTAN,45,8,236,31.5,9,138,1987
ENGLAND,PAKISTAN,44,6,263,44,8,240,1987
INDIA,PAKISTAN,50,8,183,41.4,2,184,1987
INDIA,PAKISTAN,40,6,238,39.3,8,241,1987
INDIA,PAKISTAN,44,3,265,43.2,5,266,1987
INDIA,PAKISTAN,44,6,212,44,7,212,1987
INDIA,PAKISTAN,42,9,120,37.2,4,121,1987
INDIA,PAKISTAN,45,7,196,44,7,200,1987
WEST INDIES,PAKISTAN,50,7,258,50,9,230,1987
WEST INDIES,PAKISTAN,49.3,10,216,50,9,217,1987
PAKISTAN,ENGLAND,50,5,229,49.4,7,232,1987
PAKISTAN,ENGLAND,55,6,232,53.1,3,233,1987
PAKISTAN,ENGLAND,50,9,166,40.1,5,167,1987
PAKISTAN,ENGLAND,50,9,217,47.2,5,220,1987
PAKISTAN,ENGLAND,50,7,239,48.4,10,221,1987
PAKISTAN,SRI LANKA,50,7,297,50,8,184,1987
PAKISTAN,INDIA,44,6,286,44,9,245,1987
PAKISTAN,ENGLAND,41.3,10,166,44.3,8,167,1987
PAKISTAN,SRI LANKA,50,6,267,49.2,10,252,1987
PAKISTAN,ENGLAND,55,9,213,54.3,9,217,1987
AUSTRALIA,PAKISTAN,45,8,229,45,7,229,1988
WEST INDIES,PAKISTAN,47,9,269,47,7,180,1988
WEST INDIES,PAKISTAN,43,4,244,43,8,227,1988
WEST INDIES,PAKISTAN,46,4,241,46,7,194,1988
WEST INDIES,PAKISTAN,50,6,235,49.4,10,224,1988
WEST INDIES,PAKISTAN,47,4,315,43.3,10,265,1988
PAKISTAN,AUSTRALIA,45.4,10,177,42.2,1,178,1988
PAKISTAN,BANGLADESH,45,3,284,45,6,111,1988
PAKISTAN,WEST INDIES,43,6,271,40.1,3,272,1988
PAKISTAN,WEST INDIES,46,9,166,37.1,5,167,1988
PAKISTAN,WEST INDIES,43,7,221,37,3,225,1988
PAKISTAN,SRI LANKA,44,7,194,38.5,5,195,1988
PAKISTAN,INDIA,42.2,10,142,40.4,6,143,1988
PAKISTAN,INDIA,49.1,10,246,50,8,212,1988
PAKISTAN,WEST INDIES,50,6,294,50,5,210,1988
AUSTRALIA,PAKISTAN,43,4,258,19,7,108,1989
ENGLAND,PAKISTAN,30,7,194,28.3,4,195,1989
INDIA,PAKISTAN,46,4,273,44.4,4,274,1989
NEW ZEALAND,PAKISTAN,49.5,10,249,48.3,3,251,1989
SRI LANKA,PAKISTAN,50,8,244,47.5,3,248,1989
WEST INDIES,PAKISTAN,50,5,273,49.5,6,277,1989
PAKISTAN,WEST INDIES,50,5,223,48.3,4,226,1989
PAKISTAN,WEST INDIES,50,9,140,38.2,3,142,1989
PAKISTAN,NEW ZEALAND,50,6,253,46.5,4,254,1989
PAKISTAN,SRI LANKA,50,6,219,49.2,10,213,1989
PAKISTAN,INDIA,50,7,279,42.3,10,202,1989
PAKISTAN,NEW ZEALAND,50,9,138,39.4,3,139,1989
PAKISTAN,WEST INDIES,50,8,250,48.4,10,239,1989
PAKISTAN,INDIA,47,4,252,47,9,214,1989
PAKISTAN,INDIA,37,8,150,30.2,10,112,1989
PAKISTAN,ENGLAND,50,9,148,43.2,6,149,1989
PAKISTAN,WEST INDIES,50,7,237,44.4,10,180,1989
PAKISTAN,AUSTRALIA,50,9,203,44.5,5,204,1989
PAKISTAN,INDIA,16,9,87,16,9,80,1989
PAKISTAN,SRI LANKA,47,7,222,45.3,7,223,1989
PAKISTAN,AUSTRALIA,50,8,205,43.2,10,139,1989
PAKISTAN,WEST INDIES,50,7,258,40.4,10,203,1989
PAKISTAN,NEW ZEALAND,47,7,170,40.5,3,171,1989
PAKISTAN,SRI LANKA,50,8,237,48.4,10,207,1989
PAKISTAN,AUSTRALIA,49,7,216,46.1,10,178,1989
PAKISTAN,NEW ZEALAND,48,9,170,46.3,2,174,1989
AUSTRALIA,PAKISTAN,50,5,300,39.1,10,233,1990
AUSTRALIA,PAKISTAN,50,6,255,45,10,186,1990
NEW ZEALAND,PAKISTAN,37.4,10,127,29.1,2,128,1990
NEW ZEALAND,PAKISTAN,31.1,10,74,15.4,2,77,1990
SRI LANKA,PAKISTAN,50,5,253,47,5,254,1990
SRI LANKA,PAKISTAN,47.5,10,195,48.3,4,198,1990
WEST INDIES,PAKISTAN,39,7,176,37.1,5,177,1990
PAKISTAN,WEST INDIES,40,5,211,40,7,205,1990
PAKISTAN,SRI LANKA,43,10,170,39.5,4,172,1990
PAKISTAN,SRI LANKA,43,9,181,43,9,131,1990
PAKISTAN,NEW ZEALAND,40,8,196,39.2,10,177,1990
PAKISTAN,SRI LANKA,50,3,315,50,8,288,1990
PAKISTAN,SRI LANKA,50,8,311,47.4,10,221,1990
PAKISTAN,AUSTRALIA,50,7,266,46.5,10,230,1990
PAKISTAN,AUSTRALIA,47.5,10,162,45.5,3,163,1990
PAKISTAN,WEST INDIES,40,9,168,40,7,137,1990
PAKISTAN,AUSTRALIA,50,10,161,41,3,162,1990
PAKISTAN,NEW ZEALAND,40,2,223,25,10,118,1990
PAKISTAN,INDIA,50,9,235,46.3,10,209,1990
PAKISTAN,AUSTRALIA,49,8,220,49,9,218,1990
INDIA,PAKISTAN,50,4,238,44.4,10,178,1991
WEST INDIES,PAKISTAN,34,6,170,33.5,10,146,1991
WEST INDIES,PAKISTAN,39,5,186,39,9,186,1991
WEST INDIES,PAKISTAN,40,5,204,40,8,187,1991
PAKISTAN,INDIA,50,7,257,50,6,253,1991
PAKISTAN,WEST INDIES,50,7,236,50,10,235,1991
PAKISTAN,WEST INDIES,48.3,10,215,47.3,9,217,1991
PAKISTAN,INDIA,50,6,262,46,10,190,1991
AUSTRALIA,PAKISTAN,50,7,228,50,9,228,1992
ENGLAND,PAKISTAN,55,6,278,54.2,10,199,1992
ENGLAND,PAKISTAN,55,7,363,46.1,10,165,1992
ENGLAND,PAKISTAN,55,5,302,50.5,10,263,1992
INDIA,PAKISTAN,49,7,216,48.1,10,173,1992
NEW ZEALAND,PAKISTAN,50,7,262,49,6,264,1992
NEW ZEALAND,PAKISTAN,48.2,10,166,44.4,3,167,1992
SOUTH AFRICA,PAKISTAN,50,7,211,36,8,173,1992
SRI LANKA,PAKISTAN,40,6,155,36.5,2,157,1992
SRI LANKA,PAKISTAN,50,6,212,49.1,6,216,1992
WEST INDIES,PAKISTAN,50,9,197,49.2,5,199,1992
WEST INDIES,PAKISTAN,50,9,214,48,10,81,1992
WEST INDIES,PAKISTAN,42,7,177,41.5,10,173,1992
PAKISTAN,AUSTRALIA,47,6,195,45,2,196,1992
PAKISTAN,ENGLAND,55,5,254,43.4,4,255,1992
PAKISTAN,AUSTRALIA,50,9,220,45.2,10,172,1992
PAKISTAN,ENGLAND,50,5,204,49.2,10,201,1992
PAKISTAN,ZIMBABWE,50,4,254,50,7,201,1992
PAKISTAN,SRI LANKA,40,4,271,38.4,10,154,1992
PAKISTAN,NEW ZEALAND,47.4,10,139,42.4,4,140,1992
PAKISTAN,SRI LANKA,40,5,205,39.4,6,206,1992
PAKISTAN,NEW ZEALAND,42,8,136,37.4,4,137,1992
PAKISTAN,ENGLAND,40.2,10,74,8,1,24,1992
PAKISTAN,NEW ZEALAND,49,8,158,39.3,10,108,1992
PAKISTAN,SRI LANKA,40,3,241,40,9,182,1992
PAKISTAN,WEST INDIES,50,2,220,46.5,0,221,1992
PAKISTAN,SRI LANKA,40,5,210,36.1,9,181,1992
PAKISTAN,ENGLAND,50,6,249,49.2,10,227,1992
AUSTRALIA,PAKISTAN,50,8,260,50,6,237,1993
AUSTRALIA,PAKISTAN,50,6,212,50,7,180,1993
SRI LANKA,PAKISTAN,50,6,270,49.4,8,271,1993
SRI LANKA,PAKISTAN,46,9,180,40.2,2,181,1993
WEST INDIES,PAKISTAN,50,7,267,50,9,228,1993
WEST INDIES,PAKISTAN,45,4,259,43.1,3,261,1993
WEST INDIES,PAKISTAN,50,5,268,46.5,10,144,1993
WEST INDIES,PAKISTAN,50,9,260,49,5,261,1993
ZIMBABWE,PAKISTAN,38,10,143,33.5,3,147,1993
ZIMBABWE,PAKISTAN,49.1,10,164,47.2,3,165,1993
ZIMBABWE,PAKISTAN,40,5,195,39.4,4,196,1993
PAKISTAN,WEST INDIES,41.5,10,150,25.1,2,109,1993
PAKISTAN,WEST INDIES,19.5,10,43,12.3,3,45,1993
PAKISTAN,WEST INDIES,45,7,194,41,5,196,1993
PAKISTAN,WEST INDIES,50,9,186,44.3,10,148,1993
PAKISTAN,SOUTH AFRICA,50,6,214,30.1,10,162,1993
PAKISTAN,ZIMBABWE,40,4,216,40,9,141,1993
PAKISTAN,SOUTH AFRICA,50,8,220,50,9,198,1993
PAKISTAN,WEST INDIES,50,6,223,44,6,224,1993
PAKISTAN,WEST INDIES,50,6,244,50,5,244,1993
PAKISTAN,WEST INDIES,50,10,187,39.4,5,190,1993
PAKISTAN,WEST INDIES,23.4,10,71,19.2,1,72,1993
PAKISTAN,ZIMBABWE,50,8,262,50,6,213,1993
PAKISTAN,SOUTH AFRICA,50,6,208,50,10,198,1993
PAKISTAN,SRI LANKA,41,3,281,41,7,167,1993
PAKISTAN,SRI LANKA,50,3,313,50,7,199,1993
PAKISTAN,WEST INDIES,50,4,284,45.3,4,285,1993
AUSTRALIA,PAKISTAN,50,5,269,46.5,10,205,1994
AUSTRALIA,PAKISTAN,50,7,179,50,9,151,1994
AUSTRALIA,PAKISTAN,50,6,250,39,1,251,1994
INDIA,PAKISTAN,46.3,10,219,44.3,4,223,1994
NEW ZEALAND,PAKISTAN,49.4,10,201,46.2,5,206,1994
NEW ZEALAND,PAKISTAN,47.4,10,172,38.5,5,175,1994
NEW ZEALAND,PAKISTAN,30,9,122,26.1,5,123,1994
SOUTH AFRICA,PAKISTAN,50,9,163,44.4,2,166,1994
SOUTH AFRICA,PAKISTAN,50,8,206,35,2,208,1994
SOUTH AFRICA,PAKISTAN,50,4,222,44.3,4,223,1994
SRI LANKA,PAKISTAN,50,6,200,30.2,1,169,1994
SRI LANKA,PAKISTAN,50,9,174,41.4,5,175,1994
SRI LANKA,PAKISTAN,50,5,238,47.5,4,239,1994
UNITED ARAB EMIRATES,PAKISTAN,49.5,10,145,23.1,1,146,1994
PAKISTAN,NEW ZEALAND,50,9,161,49.4,10,161,1994
PAKISTAN,NEW ZEALAND,43.3,10,146,44.3,10,110,1994
PAKISTAN,NEW ZEALAND,50,9,145,34.1,3,146,1994
PAKISTAN,SRI LANKA,50,8,180,47.2,3,181,1994
PAKISTAN,SRI LANKA,50,6,210,47.2,3,213,1994
PAKISTAN,SRI LANKA,50,9,245,50,9,233,1994
PAKISTAN,SRI LANKA,50,7,237,49,10,218,1994
PAKISTAN,SOUTH AFRICA,49.1,10,214,45.4,3,215,1994
PAKISTAN,NEW ZEALAND,50,2,328,50,7,266,1994
PAKISTAN,INDIA,50,6,250,47.4,10,211,1994
PAKISTAN,SRI LANKA,49.5,10,187,48.1,10,160,1994
PAKISTAN,SOUTH AFRICA,50,6,249,50,5,210,1994
PAKISTAN,AUSTRALIA,50,8,200,46,3,201,1994
PAKISTAN,NEW ZEALAND,48,6,213,48,8,202,1994
BANGLADESH,PAKISTAN,50,8,151,29.4,4,152,1995
NEW ZEALAND,PAKISTAN,45,8,244,41.4,10,212,1995
SOUTH AFRICA,PAKISTAN,50,5,266,32.3,10,109,1995
SOUTH AFRICA,PAKISTAN,49.3,10,215,42.5,10,178,1995
SRI LANKA,PAKISTAN,50,7,257,50,8,208,1995
SRI LANKA,PAKISTAN,50,5,233,44,1,234,1995
ZIMBABWE,PAKISTAN,50,9,222,43.3,9,148,1995
ZIMBABWE,PAKISTAN,50,5,209,48.3,6,210,1995
ZIMBABWE,PAKISTAN,50,9,219,49.5,10,219,1995
PAKISTAN,SRI LANKA,38,9,183,37.4,6,184,1995
PAKISTAN,NEW ZEALAND,50,4,261,44.5,10,207,1995
PAKISTAN,WEST INDIES,50,4,242,49,10,227,1995
PAKISTAN,SRI LANKA,50,7,264,50,8,182,1995
PAKISTAN,NEW ZEALAND,50,9,232,49.5,9,236,1995
PAKISTAN,INDIA,50,9,266,42.4,10,169,1995
PAKISTAN,SRI LANKA,48.3,10,143,26.5,2,149,1995
PAKISTAN,SRI LANKA,50,9,178,30.5,5,180,1995
PAKISTAN,NEW ZEALAND,50,9,189,47.4,10,169,1995
PAKISTAN,WEST INDIES,50,9,194,39.1,6,195,1995
ENGLAND,PAKISTAN,50,9,249,47.4,3,250,1996
ENGLAND,PAKISTAN,50,8,292,37.5,10,185,1996
ENGLAND,PAKISTAN,50,10,246,49.4,8,247,1996
INDIA,PAKISTAN,50,8,287,49,9,248,1996
INDIA,PAKISTAN,50,6,264,49.5,8,266,1996
INDIA,PAKISTAN,50,10,191,42.4,10,136,1996
INDIA,PAKISTAN,47.1,8,226,28,2,190,1996
INDIA,PAKISTAN,50,5,305,46.1,10,277,1996
KENYA,PAKISTAN,47,10,148,40.2,6,149,1996
NETHERLANDS,PAKISTAN,50,7,145,30.4,2,151,1996
NEW ZEALAND,PAKISTAN,50,10,192,48.3,6,196,1996
NEW ZEALAND,PAKISTAN,50,10,197,46.3,6,198,1996
SOUTH AFRICA,PAKISTAN,50,3,314,50,7,171,1996
SOUTH AFRICA,PAKISTAN,50,8,321,42.3,10,259,1996
SRI LANKA,PAKISTAN,49.3,10,206,36,10,131,1996
SRI LANKA,PAKISTAN,50,9,349,49.4,10,315,1996
SRI LANKA,PAKISTAN,50,10,189,46.4,2,193,1996
UNITED ARAB EMIRATES,PAKISTAN,33,9,109,18,1,112,1996
ZIMBABWE,PAKISTAN,49.1,10,195,28.4,1,196,1996
ZIMBABWE,PAKISTAN,50,9,237,49.1,7,239,1996
PAKISTAN,ZIMBABWE,40,9,264,32.1,9,147,1996
PAKISTAN,SRI LANKA,50,9,371,49.5,10,289,1996
PAKISTAN,WEST INDIES,48.4,10,176,36.1,3,177,1996
PAKISTAN,NEW ZEALAND,50,4,234,45.1,3,235,1996
PAKISTAN,AUSTRALIA,49.5,10,223,47.5,10,211,1996
PAKISTAN,INDIA,50,5,271,47.2,10,233,1996
PAKISTAN,SOUTH AFRICA,45,10,188,33.1,2,189,1996
PAKISTAN,INDIA,33,9,170,29.5,2,173,1996
PAKISTAN,ENGLAND,50,5,225,46.4,5,226,1996
PAKISTAN,NEW ZEALAND,50,5,281,47.3,9,235,1996
PAKISTAN,SRI LANKA,48.3,10,215,32.5,10,172,1996
PAKISTAN,INDIA,50,8,258,39.2,10,161,1996
PAKISTAN,NEW ZEALAND,48.5,10,160,36.5,10,119,1996
PAKISTAN,SOUTH AFRICA,50,6,242,44.2,5,243,1996
PAKISTAN,SOUTH AFRICA,46.2,10,203,39.2,3,204,1996
PAKISTAN,NEW ZEALAND,47,9,277,42.1,10,231,1996
PAKISTAN,NEW ZEALAND,46,8,228,45.4,10,217,1996
PAKISTAN,INDIA,50,9,213,45.5,10,161,1996
AUSTRALIA,PAKISTAN,47.1,10,199,45.3,6,203,1997
ENGLAND,PAKISTAN,50,9,215,49,10,207,1997
INDIA,PAKISTAN,49.2,10,216,26.2,1,219,1997
INDIA,PAKISTAN,50,5,250,41.5,5,251,1997
INDIA,PAKISTAN,50,7,239,47.2,6,243,1997
INDIA,PAKISTAN,49,10,170,44.3,5,171,1997
INDIA,PAKISTAN,50,10,208,44.2,10,188,1997
INDIA,PAKISTAN,50,6,182,36.5,10,148,1997
NEW ZEALAND,PAKISTAN,50,7,285,50,9,263,1997
SOUTH AFRICA,PAKISTAN,48,10,271,50,9,262,1997
SRI LANKA,PAKISTAN,50,7,251,45.4,10,200,1997
SRI LANKA,PAKISTAN,49.4,10,309,43.1,10,224,1997
SRI LANKA,PAKISTAN,50,8,243,50,9,224,1997
SRI LANKA,PAKISTAN,49.5,10,239,50,9,224,1997
SRI LANKA,PAKISTAN,50,4,339,43.5,8,224,1997
WEST INDIES,PAKISTAN,50,9,179,38.2,6,185,1997
WEST INDIES,PAKISTAN,50,7,215,40.4,2,219,1997
WEST INDIES,PAKISTAN,47.3,10,181,39.2,2,183,1997
WEST INDIES,PAKISTAN,50,7,275,46,10,232,1997
PAKISTAN,WEST INDIES,50,7,257,48.4,5,258,1997
PAKISTAN,SRI LANKA,50,6,289,49.5,10,259,1997
PAKISTAN,INDIA,50,5,327,49.2,10,292,1997
PAKISTAN,SRI LANKA,49.4,10,280,40,2,281,1997
PAKISTAN,AUSTRALIA,50,9,181,49.3,7,182,1997
PAKISTAN,INDIA,45,10,116,34.4,3,117,1997
PAKISTAN,AUSTRALIA,45.2,10,149,41.3,10,120,1997
PAKISTAN,BANGLADESH,50,5,319,49.3,9,210,1997
PAKISTAN,INDIA,47.2,4,265,46.3,6,266,1997
PAKISTAN,ZIMBABWE,50,10,187,31.4,10,94,1997
PAKISTAN,WEST INDIES,48.3,10,165,40.3,10,103,1997
PAKISTAN,ZIMBABWE,50,9,151,40.1,10,119,1997
PAKISTAN,INDIA,28,6,159,25.3,3,162,1997
PAKISTAN,WEST INDIES,49.5,10,197,48.1,4,198,1997
PAKISTAN,SRI LANKA,49.2,10,214,49.2,6,215,1997
AUSTRALIA,PAKISTAN,50,8,324,47.2,10,238,1998
BANGLADESH,PAKISTAN,39.3,10,134,24.2,1,136,1998
INDIA,PAKISTAN,37,7,245,37,9,227,1998
INDIA,PAKISTAN,49.5,10,189,31.3,4,193,1998
INDIA,PAKISTAN,50,9,256,48.2,5,258,1998
SOUTH AFRICA,PAKISTAN,50,4,280,47.4,10,228,1998
SRI LANKA,PAKISTAN,49.4,10,288,39.2,10,173,1998
SRI LANKA,PAKISTAN,50,7,295,48,6,300,1998
WEST INDIES,PAKISTAN,50,9,289,50,9,259,1998
ZIMBABWE,PAKISTAN,49.3,10,237,47.4,6,241,1998
ZIMBABWE,PAKISTAN,50,4,272,46.4,6,276,1998
ZIMBABWE,PAKISTAN,50,6,236,47.4,6,237,1998
PAKISTAN,SOUTH AFRICA,50,8,250,46.2,7,254,1998
PAKISTAN,SRI LANKA,48.5,10,249,34.2,10,139,1998
PAKISTAN,INDIA,50,9,189,43.4,4,193,1998
PAKISTAN,ZIMBABWE,50,6,302,37.2,10,191,1998
PAKISTAN,SOUTH AFRICA,37.1,10,114,27.4,1,115,1998
PAKISTAN,INDIA,46,8,212,37.1,2,213,1998
PAKISTAN,ZIMBABWE,50,10,211,40.4,4,212,1998
PAKISTAN,INDIA,50,6,316,46.3,10,182,1998
PAKISTAN,INDIA,48,5,314,47.5,7,316,1998
PAKISTAN,AUSTRALIA,50,8,315,48.5,4,316,1998
PAKISTAN,SOUTH AFRICA,41.5,10,145,35.3,3,149,1998
PAKISTAN,AUSTRALIA,50,7,217,48.1,5,220,1998
PAKISTAN,INDIA,50,9,246,46.3,10,195,1998
PAKISTAN,INDIA,50,5,257,46.2,10,180,1998
BANGLADESH,PAKISTAN,50,9,223,44.3,10,161,1999
ENGLAND,PAKISTAN,49.1,10,206,40.2,10,144,1999
INDIA,PAKISTAN,50,6,227,45.3,10,180,1999
INDIA,PAKISTAN,49.5,10,196,42,3,197,1999
INDIA,PAKISTAN,45,10,125,28,2,129,1999
NEW ZEALAND,PAKISTAN,50,7,241,47.3,1,242,1999
SRI LANKA,PAKISTAN,50,8,253,46.3,10,241,1999
WEST INDIES,PAKISTAN,44.4,10,161,39.4,3,162,1999
PAKISTAN,WEST INDIES,50,8,229,48.5,10,202,1999
PAKISTAN,INDIA,50,8,291,42.1,10,168,1999
PAKISTAN,WEST INDIES,50,5,222,46.2,10,180,1999
PAKISTAN,WEST INDIES,50,5,255,31.3,10,117,1999
PAKISTAN,NEW ZEALAND,50,8,269,50,8,207,1999
PAKISTAN,WEST INDIES,50,5,260,34.4,9,130,1999
PAKISTAN,SRI LANKA,49.4,10,196,49.1,10,196,1999
PAKISTAN,ENGLAND,50,5,323,45.5,10,233,1999
PAKISTAN,SRI LANKA,50,9,211,36,10,123,1999
PAKISTAN,SRI LANKA,50,9,246,49.3,10,237,1999
PAKISTAN,INDIA,50,9,205,48.1,4,206,1999
PAKISTAN,AUSTRALIA,39,10,132,20.1,2,133,1999
PAKISTAN,INDIA,50,8,279,50,6,163,1999
PAKISTAN,WEST INDIES,50,6,230,50,9,215,1999
PAKISTAN,BANGLADESH,50,7,293,40.5,10,141,1999
PAKISTAN,SCOTLAND,50,6,261,38.5,10,167,1999
PAKISTAN,INDIA,50,9,278,36.1,10,135,1999
PAKISTAN,SRI LANKA,50,8,239,33.4,10,121,1999
PAKISTAN,AUSTRALIA,50,8,275,49.5,10,265,1999
PAKISTAN,SOUTH AFRICA,50,7,220,49,7,221,1999
PAKISTAN,ZIMBABWE,50,9,271,40.3,10,123,1999
AUSTRALIA,PAKISTAN,50,7,337,36.3,10,185,2000
AUSTRALIA,PAKISTAN,50,9,260,48.5,10,245,2000
AUSTRALIA,PAKISTAN,49.4,10,286,45.2,10,205,2000
ENGLAND,PAKISTAN,42.5,10,158,43.3,4,161,2000
ENGLAND,PAKISTAN,50,9,211,44.2,2,214,2000
INDIA,PAKISTAN,50,6,267,44.4,10,219,2000
INDIA,PAKISTAN,48.5,10,195,49,8,196,2000
SOUTH AFRICA,PAKISTAN,35,7,197,28.1,10,121,2000
SOUTH AFRICA,PAKISTAN,50,6,241,50,9,223,2000
SRI LANKA,PAKISTAN,49,10,192,48.2,3,193,2000
SRI LANKA,PAKISTAN,50,9,241,39.3,9,137,2000
SRI LANKA,PAKISTAN,45.4,10,194,43.2,1,195,2000
SRI LANKA,PAKISTAN,50,6,263,45.1,10,229,2000
SRI LANKA,PAKISTAN,50,8,274,48,10,245,2000
WEST INDIES,PAKISTAN,33.2,10,114,45.1,6,116,2000
WEST INDIES,PAKISTAN,50,7,213,41.3,10,117,2000
WEST INDIES,PAKISTAN,50,6,248,48.1,10,231,2000
WEST INDIES,PAKISTAN,50,8,208,45,10,148,2000
ZIMBABWE,PAKISTAN,50,9,199,47.1,5,200,2000
ZIMBABWE,PAKISTAN,50,7,204,43.1,4,205,2000
PAKISTAN,SOUTH AFRICA,49.2,10,168,26.5,9,101,2000
PAKISTAN,SRI LANKA,45,8,164,37.3,5,166,2000
PAKISTAN,SRI LANKA,50,4,277,45.2,9,238,2000
PAKISTAN,AUSTRALIA,50,8,184,39,10,139,2000
PAKISTAN,AUSTRALIA,41,9,176,38.5,4,177,2000
PAKISTAN,SRI LANKA,50,6,240,49.2,4,244,2000
PAKISTAN,NEW ZEALAND,25,6,191,24.4,10,179,2000
PAKISTAN,INDIA,50,7,295,47.4,10,251,2000
PAKISTAN,BANGLADESH,50,3,320,34.2,9,87,2000
PAKISTAN,INDIA,50,8,261,46,10,157,2000
PAKISTAN,INDIA,45.3,10,146,43.3,5,149,2000
PAKISTAN,ENGLAND,50,9,304,47.2,5,306,2000
PAKISTAN,AUSTRALIA,47.2,10,154,42.4,4,155,2000
PAKISTAN,NEW ZEALAND,49.2,10,252,49,6,255,2000
PAKISTAN,INDIA,50,3,272,50,9,174,2000
PAKISTAN,SOUTH AFRICA,50,9,227,48.4,10,199,2000
PAKISTAN,SOUTH AFRICA,50,8,196,44.3,7,199,2000
PAKISTAN,INDIA,50,7,262,46.5,10,230,2000
PAKISTAN,WEST INDIES,50,8,197,49.3,10,180,2000
PAKISTAN,SOUTH AFRICA,44.1,10,153,37.3,3,156,2000
PAKISTAN,SOUTH AFRICA,50,6,263,49,10,247,2000
ENGLAND,PAKISTAN,45.2,10,156,39.5,4,153,2001
NEW ZEALAND,PAKISTAN,50,7,266,42.1,2,270,2001
NEW ZEALAND,PAKISTAN,35.3,10,149,45,4,150,2001
NEW ZEALAND,PAKISTAN,50,5,284,47,10,146,2001
NEW ZEALAND,PAKISTAN,31.3,10,127,25.2,3,131,2001
SRI LANKA,PAKISTAN,50,7,297,41.4,10,220,2001
SRI LANKA,PAKISTAN,50,9,272,49.2,3,273,2001
SRI LANKA,PAKISTAN,44.2,10,173,43.4,5,177,2001
PAKISTAN,ENGLAND,50,8,242,50,10,240,2001
PAKISTAN,AUSTRALIA,42.3,10,152,26.3,1,156,2001
PAKISTAN,ZIMBABWE,50,9,261,46.2,10,232,2001
PAKISTAN,SRI LANKA,46.2,10,176,38.1,3,177,2001
PAKISTAN,NEW ZEALAND,49.3,10,285,48.1,6,290,2001
PAKISTAN,ZIMBABWE,50,6,279,39.1,10,173,2001
PAKISTAN,NEW ZEALAND,50,10,135,30.3,4,136,2001
PAKISTAN,NEW ZEALAND,50,9,243,48.2,10,215,2001
PAKISTAN,SRI LANKA,50,9,255,48.3,10,239,2001
PAKISTAN,AUSTRALIA,49.5,10,257,45.4,3,258,2001
PAKISTAN,AUSTRALIA,50,9,290,46.3,10,254,2001
PAKISTAN,SRI LANKA,50,9,278,50,8,250,2001
PAKISTAN,ENGLAND,50,6,273,47.2,10,165,2001
AUSTRALIA,PAKISTAN,50,5,332,36,10,108,2002
AUSTRALIA,PAKISTAN,45.4,10,167,48.5,8,168,2002
BANGLADESH,PAKISTAN,48.5,10,220,35.3,2,221,2002
KENYA,PAKISTAN,42.3,10,179,38.4,3,181,2002
KENYA,PAKISTAN,30.3,10,133,33.3,6,134,2002
NETHERLANDS,PAKISTAN,50,10,136,16.2,1,142,2002
NEW ZEALAND,PAKISTAN,50,9,213,31.3,2,217,2002
NEW ZEALAND,PAKISTAN,50,5,277,47.1,7,278,2002
SOUTH AFRICA,PAKISTAN,50,7,272,42.5,10,140,2002
SOUTH AFRICA,PAKISTAN,47.5,10,182,36.2,10,120,2002
SOUTH AFRICA,PAKISTAN,50,9,283,43.2,10,229,2002
SOUTH AFRICA,PAKISTAN,50,8,265,47.4,10,231,2002
SOUTH AFRICA,PAKISTAN,50,8,196,48.3,10,188,2002
SRI LANKA,PAKISTAN,49.5,10,242,43.4,10,203,2002
SRI LANKA,PAKISTAN,50,9,242,45.5,10,201,2002
SRI LANKA,PAKISTAN,50,6,239,50,5,230,2002
WEST INDIES,PAKISTAN,50,5,260,40.2,10,150,2002
WEST INDIES,PAKISTAN,48.3,10,190,46.1,6,193,2002
ZIMBABWE,PAKISTAN,49.5,10,210,35.4,2,211,2002
PAKISTAN,NEW ZEALAND,50,6,275,30,10,122,2002
PAKISTAN,AUSTRALIA,50,10,227,9.3,1,67,2002
PAKISTAN,ZIMBABWE,50,4,302,50,9,295,2002
PAKISTAN,SOUTH AFRICA,48.4,10,213,42,1,214,2002
PAKISTAN,AUSTRALIA,50,8,176,32.5,3,177,2002
PAKISTAN,AUSTRALIA,50,7,256,40,10,165,2002
PAKISTAN,SRI LANKA,49.4,10,200,36.1,2,201,2002
PAKISTAN,BANGLADESH,50,5,281,50,8,209,2002
PAKISTAN,ZIMBABWE,50,3,323,50,7,275,2002
PAKISTAN,SRI LANKA,50,5,279,50,8,251,2002
PAKISTAN,NEW ZEALAND,50,6,288,50,8,237,2002
PAKISTAN,BANGLADESH,49.5,10,202,50,7,153,2002
PAKISTAN,SOUTH AFRICA,50,6,335,29,10,153,2002
PAKISTAN,ZIMBABWE,50,7,300,45.3,10,230,2002
PAKISTAN,NEW ZEALAND,50,5,278,45.4,10,212,2002
PAKISTAN,AUSTRALIA,32.3,10,117,19.1,1,121,2002
PAKISTAN,WEST INDIES,49,10,232,34.4,10,181,2002
PAKISTAN,SRI LANKA,50,6,295,16.5,9,78,2002
PAKISTAN,ZIMBABWE,50,5,344,33,6,140,2002
AUSTRALIA,PAKISTAN,50,8,310,44.3,10,228,2003
BANGLADESH,PAKISTAN,50,8,222,49.5,5,226,2003
ENGLAND,PAKISTAN,50,8,246,31,10,134,2003
ENGLAND,PAKISTAN,50,9,204,49.2,8,208,2003
NEW ZEALAND,PAKISTAN,50,5,291,48,7,292,2003
NEW ZEALAND,PAKISTAN,47.5,10,183,41.2,3,184,2003
SRI LANKA,PAKISTAN,50,6,223,47.2,3,225,2003
SRI LANKA,PAKISTAN,49.5,10,172,47.4,10,160,2003
ZIMBABWE,PAKISTAN,49.1,10,168,35.2,2,172,2003
PAKISTAN,BANGLADESH,50,5,302,50,7,244,2003
PAKISTAN,ENGLAND,50,7,229,48.3,6,231,2003
PAKISTAN,NEW ZEALAND,50,4,277,50,6,228,2003
PAKISTAN,NAMIBIA,50,9,255,17.4,10,84,2003
PAKISTAN,SOUTH AFRICA,50,8,243,45,6,221,2003
PAKISTAN,SOUTH AFRICA,47.4,10,157,38.5,4,158,2003
PAKISTAN,ENGLAND,44,10,185,22,3,189,2003
PAKISTAN,NEW ZEALAND,50,10,198,45.2,6,200,2003
PAKISTAN,NEW ZEALAND,43.1,10,116,27.3,3,117,2003
PAKISTAN,NEW ZEALAND,50,9,203,48.1,10,181,2003
PAKISTAN,NETHERLANDS,50,9,253,39.3,10,156,2003
PAKISTAN,SRI LANKA,50,8,199,43.1,10,120,2003
PAKISTAN,KENYA,50,8,286,31.4,10,143,2003
PAKISTAN,BANGLADESH,50,3,323,43.2,10,186,2003
PAKISTAN,NEW ZEALAND,50,6,281,38.5,10,157,2003
PAKISTAN,BANGLADESH,50,9,257,44,9,201,2003
PAKISTAN,SOUTH AFRICA,49.3,10,192,45.5,3,193,2003
PAKISTAN,NEW ZEALAND,50,7,314,50,7,263,2003
PAKISTAN,SOUTH AFRICA,50,7,267,50,9,225,2003
PAKISTAN,INDIA,50,7,273,45.4,4,276,2003
PAKISTAN,SOUTH AFRICA,50,6,277,50,6,269,2003
PAKISTAN,ZIMBABWE,50,7,278,44.1,10,210,2003
PAKISTAN,BANGLADESH,50,8,243,42.1,10,169,2003
AUSTRALIA,PAKISTAN,50,6,269,48.2,10,259,2004
AUSTRALIA,PAKISTAN,50,7,192,47.1,10,175,2004
BANGLADESH,PAKISTAN,45.2,10,166,41,4,167,2004
INDIA,PAKISTAN,50,9,244,47.2,6,247,2004
INDIA,PAKISTAN,50,7,293,47.5,10,253,2004
INDIA,PAKISTAN,49.5,10,200,49.2,7,201,2004
INDIA,PAKISTAN,50,6,292,49,4,293,2004
INDIA,PAKISTAN,50,7,349,50,8,344,2004
KENYA,PAKISTAN,32,10,94,18.4,3,95,2004
NEW ZEALAND,PAKISTAN,50,8,307,49.3,10,303,2004
NEW ZEALAND,PAKISTAN,50,8,235,47,4,236,2004
SRI LANKA,PAKISTAN,50,9,232,48.4,2,233,2004
SRI LANKA,PAKISTAN,50,6,293,48.5,4,297,2004
SRI LANKA,PAKISTAN,50,7,287,38,10,168,2004
ZIMBABWE,PAKISTAN,50,4,252,48.1,7,258,2004
PAKISTAN,NEW ZEALAND,36.3,10,126,22.5,2,127,2004
PAKISTAN,SRI LANKA,39.5,10,122,32,3,123,2004
PAKISTAN,NEW ZEALAND,50,7,229,49.1,6,230,2004
PAKISTAN,INDIA,50,6,329,48.4,10,317,2004
PAKISTAN,BANGLADESH,50,6,257,45.2,10,181,2004
PAKISTAN,INDIA,50,9,300,50,8,241,2004
PAKISTAN,INDIA,33,6,192,27,10,127,2004
PAKISTAN,ZIMBABWE,50,7,292,38.3,10,148,2004
PAKISTAN,INDIA,50,9,293,45,5,294,2004
PAKISTAN,WEST INDIES,38.2,10,131,28.1,3,132,2004
PAKISTAN,HONG KONG,50,5,343,44.1,10,165,2004
PAKISTAN,NEW ZEALAND,50,9,255,46.2,3,259,2004
AUSTRALIA,PAKISTAN,49,10,237,50,9,219,2005
AUSTRALIA,PAKISTAN,50,9,239,45.4,10,208,2005
AUSTRALIA,PAKISTAN,50,10,265,47.2,7,268,2005
ENGLAND,PAKISTAN,50,9,206,50,9,200,2005
ENGLAND,PAKISTAN,50,4,327,46.5,10,285,2005
ENGLAND,PAKISTAN,48.4,10,230,44,3,231,2005
INDIA,PAKISTAN,50,9,356,44.1,10,298,2005
INDIA,PAKISTAN,50,6,249,42.1,5,252,2005
INDIA,PAKISTAN,50,8,281,45.2,10,194,2005
INDIA,PAKISTAN,48,6,315,48,7,319,2005
WEST INDIES,PAKISTAN,50,4,339,50,9,281,2005
WEST INDIES,PAKISTAN,50,5,273,47,4,274,2005
PAKISTAN,AUSTRALIA,39.2,10,163,36.2,1,167,2005
PAKISTAN,WEST INDIES,44.3,10,192,45.2,10,133,2005
PAKISTAN,INDIA,50,8,303,37,10,144,2005
PAKISTAN,INDIA,50,9,319,41.4,10,213,2005
PAKISTAN,WEST INDIES,50,8,307,48.1,10,277,2005
PAKISTAN,AUSTRALIA,50,7,272,43,6,253,2005
PAKISTAN,ENGLAND,50,6,353,42,10,188,2005
PAKISTAN,WEST INDIES,50,8,258,48.2,10,218,2005
PAKISTAN,WEST INDIES,50,6,303,49.3,10,281,2005
PAKISTAN,ENGLAND,47.2,10,210,48.1,10,197,2005
ENGLAND,PAKISTAN,49.2,10,202,7,1,46,2006
ENGLAND,PAKISTAN,39.1,10,166,36.4,3,169,2006
ENGLAND,PAKISTAN,50,9,271,48.5,8,274,2006
INDIA,PAKISTAN,50,5,269,45.2,10,218,2006
INDIA,PAKISTAN,50,10,197,48.3,4,201,2006
INDIA,PAKISTAN,49.4,10,328,47,7,311,2006
NEW ZEALAND,PAKISTAN,50,7,274,46.3,10,223,2006
SCOTLAND,PAKISTAN,50,8,203,43.5,5,205,2006
SOUTH AFRICA,PAKISTAN,50,8,213,25,10,89,2006
SRI LANKA,PAKISTAN,49.2,10,253,48.1,6,255,2006
SRI LANKA,PAKISTAN,49.4,10,224,45.2,6,229,2006
SRI LANKA,PAKISTAN,44.2,10,130,44.4,6,134,2006
WEST INDIES,PAKISTAN,46.3,7,207,33.4,3,192,2006
WEST INDIES,PAKISTAN,49.5,10,151,48.2,8,154,2006
WEST INDIES,PAKISTAN,50,7,238,46.5,3,239,2006
PAKISTAN,INDIA,50,8,286,46.5,2,287,2006
PAKISTAN,INDIA,41.5,10,161,32.3,5,162,2006
PAKISTAN,ENGLAND,50,8,235,46.2,2,237,2006
PAKISTAN,WEST INDIES,49.5,10,209,34.5,3,212,2006
PAKISTAN,INDIA,50,8,288,47.4,5,292,2006
PAKISTAN,INDIA,49.2,10,265,43.1,3,266,2006
PAKISTAN,ENGLAND,50,9,154,31,7,155,2006
INDIA,PAKISTAN,50,9,321,49.5,6,322,2007
INDIA,PAKISTAN,50,6,294,47.2,10,248,2007
SOUTH AFRICA,PAKISTAN,50,5,294,46.3,10,249,2007
SOUTH AFRICA,PAKISTAN,50,9,233,46.3,10,219,2007
SOUTH AFRICA,PAKISTAN,50,6,392,46.4,10,228,2007
SOUTH AFRICA,PAKISTAN,49.2,10,197,48.1,4,202,2007
SRI LANKA,PAKISTAN,50,9,235,42,5,239,2007
SRI LANKA,PAKISTAN,50,9,296,42.5,10,181,2007
WEST INDIES,PAKISTAN,50,9,241,47.2,10,187,2007
PAKISTAN,ZIMBABWE,49.5,10,349,19.1,10,99,2007
PAKISTAN,IRELAND,45.4,10,132,41.4,7,133,2007
PAKISTAN,SRI LANKA,50,9,313,39.5,10,215,2007
PAKISTAN,INDIA,50,6,255,46.3,4,260,2007
PAKISTAN,SOUTH AFRICA,45.4,10,107,14,0,113,2007
PAKISTAN,SOUTH AFRICA,50,9,265,49.3,10,240,2007
PAKISTAN,INDIA,50,6,306,49.5,10,275,2007
PAKISTAN,SOUTH AFRICA,50,9,230,37.4,3,233,2007
PAKISTAN,SOUTH AFRICA,50,4,351,40,10,210,2007
PAKISTAN,SOUTH AFRICA,40.5,10,153,28.2,1,156,2007
PAKISTAN,INDIA,50,7,239,47,5,242,2007
BANGLADESH,PAKISTAN,38.2,10,115,19.4,0,116,2008
BANGLADESH,PAKISTAN,49.1,10,210,44.3,3,212,2008
BANGLADESH,PAKISTAN,48.2,8,225,23.2,3,160,2008
INDIA,PAKISTAN,50,8,330,35.4,10,190,2008
INDIA,PAKISTAN,50,7,308,45.3,2,309,2008
SRI LANKA,PAKISTAN,50,7,302,50,9,238,2008
WEST INDIES,PAKISTAN,50,9,294,49.5,6,295,2008
ZIMBABWE,PAKISTAN,49.5,10,244,47,3,245,2008
ZIMBABWE,PAKISTAN,45.4,10,181,31,3,187,2008
ZIMBABWE,PAKISTAN,50,8,238,46.2,5,239,2008
PAKISTAN,ZIMBABWE,50,9,272,50,7,235,2008
PAKISTAN,BANGLADESH,39.3,10,233,40,8,163,2008
PAKISTAN,WEST INDIES,49,10,232,48.5,10,208,2008
PAKISTAN,BANGLADESH,50,5,322,29.5,10,129,2008
PAKISTAN,BANGLADESH,50,9,329,40.5,10,179,2008
PAKISTAN,INDIA,50,4,299,42.1,4,301,2008
PAKISTAN,WEST INDIES,50,6,273,46.3,10,242,2008
PAKISTAN,HONG KONG,50,9,288,37.2,9,133,2008
PAKISTAN,BANGLADESH,50,8,308,50,7,285,2008
PAKISTAN,INDIA,50,3,315,48.2,10,290,2008
PAKISTAN,ZIMBABWE,50,5,347,50,7,243,2008
AUSTRALIA,PAKISTAN,50,4,250,47,3,254,2009
AUSTRALIA,PAKISTAN,38.5,10,168,44.1,6,171,2009
AUSTRALIA,PAKISTAN,50,7,198,47.1,10,171,2009
NEW ZEALAND,PAKISTAN,50,8,303,47.2,10,239,2009
NEW ZEALAND,PAKISTAN,46.3,10,211,49.1,10,204,2009
SRI LANKA,PAKISTAN,50,5,309,22.5,10,75,2009
SRI LANKA,PAKISTAN,50,9,232,44.4,10,196,2009
SRI LANKA,PAKISTAN,50,8,290,34.5,10,161,2009
SRI LANKA,PAKISTAN,45.2,10,219,45.5,2,220,2009
WEST INDIES,PAKISTAN,34.3,10,133,30.3,5,134,2009
PAKISTAN,SRI LANKA,47,10,168,43.4,4,169,2009
PAKISTAN,AUSTRALIA,50,6,205,50,8,206,2009
PAKISTAN,NEW ZEALAND,50,9,287,39.2,10,149,2009
PAKISTAN,AUSTRALIA,46.2,10,207,45.1,4,208,2009
PAKISTAN,INDIA,50,9,302,44.5,10,248,2009
PAKISTAN,AUSTRALIA,48.4,10,197,44.2,2,200,2009
PAKISTAN,SRI LANKA,50,8,279,34.2,10,147,2009
PAKISTAN,SRI LANKA,50,5,321,36.1,10,175,2009
PAKISTAN,SRI LANKA,50,8,288,46.3,4,289,2009
PAKISTAN,NEW ZEALAND,50,9,233,47.5,5,234,2009
AUSTRALIA,PAKISTAN,50,8,277,37.5,10,142,2010
AUSTRALIA,PAKISTAN,50,6,286,47.4,10,246,2010
AUSTRALIA,PAKISTAN,50,6,267,37.3,10,127,2010
ENGLAND,PAKISTAN,41,6,274,41,9,250,2010
ENGLAND,PAKISTAN,50,6,256,37,10,135,2010
SOUTH AFRICA,PAKISTAN,50,8,286,49.5,9,289,2010
SOUTH AFRICA,PAKISTAN,50,5,317,44.5,10,260,2010
SOUTH AFRICA,PAKISTAN,50,6,274,49.5,9,275,2010
SOUTH AFRICA,PAKISTAN,50,9,228,50,9,226,2010
SRI LANKA,PAKISTAN,50,9,242,47,10,226,2010
PAKISTAN,BANGLADESH,50,7,385,50,5,246,2010
PAKISTAN,INDIA,49.3,10,267,49.5,7,271,2010
PAKISTAN,AUSTRALIA,49.3,10,212,49.2,8,213,2010
PAKISTAN,SOUTH AFRICA,49,10,203,39.3,2,207,2010
PAKISTAN,ENGLAND,50,8,294,49.3,6,295,2010
PAKISTAN,ENGLAND,49.4,10,241,45.4,10,218,2010
PAKISTAN,ENGLAND,50,7,265,46.1,10,227,2010
PAKISTAN,AUSTRALIA,49.4,10,274,48.3,5,275,2010
AUSTRALIA,PAKISTAN,46.4,10,176,41,6,178,2011
BANGLADESH,PAKISTAN,30.3,10,91,25.4,5,93,2011
INDIA,PAKISTAN,50,9,260,49.5,10,231,2011
IRELAND,PAKISTAN,50,8,238,48.4,5,242,2011
IRELAND,PAKISTAN,20,10,96,27.3,3,97,2011
NEW ZEALAND,PAKISTAN,50,7,262,49,8,264,2011
NEW ZEALAND,PAKISTAN,50,7,302,41.4,10,192,2011
NEW ZEALAND,PAKISTAN,50,7,311,44.1,10,254,2011
SRI LANKA,PAKISTAN,40.3,10,131,21.5,2,132,2011
SRI LANKA,PAKISTAN,50,9,218,47.2,7,219,2011
SRI LANKA,PAKISTAN,50,7,235,46.3,10,210,2011
WEST INDIES,PAKISTAN,43.3,10,112,20.5,0,113,2011
WEST INDIES,PAKISTAN,50,6,221,41.3,2,222,2011
WEST INDIES,PAKISTAN,43.4,10,171,40.1,7,177,2011
WEST INDIES,PAKISTAN,50,10,220,48,3,223,2011
ZIMBABWE,PAKISTAN,50,6,225,42.1,0,228,2011
ZIMBABWE,PAKISTAN,39.4,7,151,34.1,3,164,2011
PAKISTAN,BANGLADESH,50,7,262,50,7,186,2011
PAKISTAN,ZIMBABWE,50,5,270,50,9,242,2011
PAKISTAN,NEW ZEALAND,50,9,268,46.5,10,227,2011
PAKISTAN,WEST INDIES,41.2,10,139,23.3,0,140,2011
PAKISTAN,WEST INDIES,50,9,248,29.5,4,154,2011
PAKISTAN,BANGLADESH,46.1,10,177,38,10,119,2011
PAKISTAN,ZIMBABWE,50,7,247,50,7,242,2011
PAKISTAN,CANADA,43,10,184,42.5,10,138,2011
PAKISTAN,KENYA,50,7,317,33.1,10,112,2011
PAKISTAN,SRI LANKA,49.3,10,200,45.2,10,174,2011
PAKISTAN,NEW ZEALAND,37.3,10,124,17.2,1,125,2011
PAKISTAN,SRI LANKA,50,8,257,48.5,10,236,2011
PAKISTAN,NEW ZEALAND,50,7,293,50,9,250,2011
PAKISTAN,SRI LANKA,50,7,277,50,9,266,2011
AFGHANISTAN,PAKISTAN,48.3,10,195,37.1,3,198,2012
AUSTRALIA,PAKISTAN,50,9,248,43.4,3,249,2012
ENGLAND,PAKISTAN,50,7,260,35,10,130,2012
ENGLAND,PAKISTAN,50,4,250,49,10,230,2012
INDIA,PAKISTAN,50,6,227,48.1,4,228,2012
SRI LANKA,PAKISTAN,42,8,135,34.1,4,135,2012
SRI LANKA,PAKISTAN,50,8,243,45,10,199,2012
SRI LANKA,PAKISTAN,45.4,10,188,39.5,4,189,2012
SRI LANKA,PAKISTAN,50,4,280,46.2,10,204,2012
PAKISTAN,SRI LANKA,50,7,247,49.4,8,248,2012
PAKISTAN,BANGLADESH,50,8,262,48.1,10,241,2012
PAKISTAN,INDIA,50,6,329,47.5,4,330,2012
PAKISTAN,AUSTRALIA,50,7,244,47,7,250,2012
PAKISTAN,ENGLAND,50,10,222,37.2,1,226,2012
PAKISTAN,AUSTRALIA,45.1,10,198,48.2,6,199,2012
PAKISTAN,BANGLADESH,50,9,236,50,8,234,2012
PAKISTAN,ENGLAND,50,10,237,49.2,6,241,2012
INDIA,PAKISTAN,43.4,10,167,48.5,10,157,2013
IRELAND,PAKISTAN,50,9,229,48.4,8,230,2013
SOUTH AFRICA,PAKISTAN,50,5,266,49.2,10,238,2013
SOUTH AFRICA,PAKISTAN,50,4,315,36.2,10,190,2013
SOUTH AFRICA,PAKISTAN,50,9,234,45,10,167,2013
SOUTH AFRICA,PAKISTAN,43.2,10,191,39.2,4,192,2013
SOUTH AFRICA,PAKISTAN,49.5,10,183,46.3,10,182,2013
SOUTH AFRICA,PAKISTAN,50,5,343,48.1,10,309,2013
SOUTH AFRICA,PAKISTAN,50,7,268,35.3,10,151,2013
SOUTH AFRICA,PAKISTAN,50,8,259,44.3,10,191,2013
SOUTH AFRICA,PAKISTAN,50,9,234,48.4,7,236,2013
SRI LANKA,PAKISTAN,48.5,10,225,41.1,2,226,2013
WEST INDIES,PAKISTAN,49,7,261,30,4,189,2013
WEST INDIES,PAKISTAN,50,8,232,47.5,10,195,2013
WEST INDIES,PAKISTAN,50,7,242,49.5,6,243,2013
PAKISTAN,SCOTLAND,50,7,231,39.4,10,135,2013
PAKISTAN,SOUTH AFRICA,49.1,10,205,44,4,208,2013
PAKISTAN,WEST INDIES,48,10,170,40.4,8,172,2013
PAKISTAN,SOUTH AFRICA,45,10,262,45,6,261,2013
PAKISTAN,INDIA,39.4,10,165,19.1,2,102,2013
PAKISTAN,SRI LANKA,50,5,322,49.4,10,311,2013
PAKISTAN,SRI LANKA,50,5,326,44.4,10,213,2013
PAKISTAN,ZIMBABWE,50,4,299,42.4,10,209,2013
PAKISTAN,INDIA,48.3,10,250,48,10,165,2013
PAKISTAN,SOUTH AFRICA,46.5,10,179,38.4,6,181,2013
PAKISTAN,ZIMBABWE,50,6,260,40,10,152,2013
PAKISTAN,SOUTH AFRICA,49.4,10,209,40.4,10,143,2013
PAKISTAN,ZIMBABWE,50,7,244,48.2,3,246,2013
PAKISTAN,WEST INDIES,50,6,229,50,9,229,2013
PAKISTAN,SRI LANKA,49.3,10,232,49.4,8,235,2013
PAKISTAN,WEST INDIES,50,9,224,41,10,98,2013
PAKISTAN,SOUTH AFRICA,50,9,218,48.1,10,195,2013
PAKISTAN,SRI LANKA,50,4,284,49.4,8,287,2013
PAKISTAN,IRELAND,47,5,266,47,5,275,2013
AUSTRALIA,PAKISTAN,50,8,255,36.3,10,162,2014
AUSTRALIA,PAKISTAN,50,9,231,50,10,230,2014
BANGLADESH,PAKISTAN,50,3,326,49.5,7,329,2014
INDIA,PAKISTAN,50,8,245,49.4,9,249,2014
NEW ZEALAND,PAKISTAN,50,5,299,50,8,292,2014
NEW ZEALAND,PAKISTAN,50,7,246,49.3,7,250,2014
NEW ZEALAND,PAKISTAN,50,4,275,43.3,10,207,2014
SRI LANKA,PAKISTAN,45,7,275,44.5,6,277,2014
SRI LANKA,PAKISTAN,50,9,310,43.5,10,233,2014
SRI LANKA,PAKISTAN,50,6,296,48.5,10,284,2014
PAKISTAN,SRI LANKA,32.1,10,102,18.2,3,104,2014
PAKISTAN,AFGHANISTAN,50,8,248,47.2,10,176,2014
PAKISTAN,NEW ZEALAND,50,7,364,38.2,10,217,2014
PAKISTAN,AUSTRALIA,49.3,10,215,43.2,5,217,2014
PAKISTAN,NEW ZEALAND,48.3,10,252,46,6,255,2014
PAKISTAN,SRI LANKA,50,5,260,46.2,5,261,2014
BANGLADESH,PAKISTAN,50,6,329,45.2,10,250,2015
ENGLAND,PAKISTAN,50,5,283,45.5,10,188,2015
ENGLAND,PAKISTAN,49.4,10,216,43.4,4,217,2015
ENGLAND,PAKISTAN,50,5,355,40.4,10,271,2015
INDIA,PAKISTAN,50,7,300,47,10,224,2015
IRELAND,PAKISTAN,50,10,237,46.1,3,241,2015
NEW ZEALAND,PAKISTAN,50,5,369,43.1,10,250,2015
SRI LANKA,PAKISTAN,50,8,255,45.2,4,259,2015
SRI LANKA,PAKISTAN,50,9,256,40.5,3,257,2015
SRI LANKA,PAKISTAN,50,4,368,37.2,10,203,2015
WEST INDIES,PAKISTAN,50,6,310,39,10,160,2015
ZIMBABWE,PAKISTAN,50,6,276,48,8,256,2015
ZIMBABWE,PAKISTAN,38.5,10,161,34,3,162,2015
ZIMBABWE,PAKISTAN,50,7,268,47.2,4,269,2015
PAKISTAN,ZIMBABWE,50,3,375,50,5,334,2015
PAKISTAN,ZIMBABWE,50,9,296,9,0,68,2015
PAKISTAN,ENGLAND,49.5,10,208,41,4,210,2015
PAKISTAN,BANGLADESH,49,10,250,39.3,2,251,2015
PAKISTAN,SRI LANKA,50,4,316,41.1,10,181,2015
PAKISTAN,NEW ZEALAND,45.3,10,210,39.3,3,213,2015
PAKISTAN,UNITED ARAB EMIRATES,50,6,339,50,8,210,2015
PAKISTAN,ZIMBABWE,50,6,259,37,10,128,2015
PAKISTAN,AUSTRALIA,49.5,10,213,33.5,4,216,2015
PAKISTAN,BANGLADESH,50,6,239,38.1,3,240,2015
PAKISTAN,SRI LANKA,50,8,287,48.1,8,288,2015
PAKISTAN,ZIMBABWE,50,7,235,49.4,10,215,2015
PAKISTAN,SOUTH AFRICA,46.4,10,222,33.3,10,202,2015
ENGLAND,PAKISTAN,50,9,302,48.2,6,304,2016
ENGLAND,PAKISTAN,50,3,444,42.4,10,275,2016
NEW ZEALAND,PAKISTAN,50,8,280,46,10,210,2016
PAKISTAN,WEST INDIES,50,6,308,44,10,172,2016
PAKISTAN,ENGLAND,50,6,260,34.3,3,194,2016
PAKISTAN,IRELAND,47,6,337,23.4,10,82,2016
PAKISTAN,ENGLAND,50,8,247,48,6,252,2016
PAKISTAN,ENGLAND,49.5,10,251,47.3,6,255,2016
PAKISTAN,WEST INDIES,49,9,284,38.4,10,175,2016
PAKISTAN,NEW ZEALAND,47.3,10,290,42.4,7,265,2016
PAKISTAN,WEST INDIES,50,5,337,50,7,278,2016
AUSTRALIA,PAKISTAN,50,9,268,42.4,10,176,2017
AUSTRALIA,PAKISTAN,48.2,10,220,47.4,4,221,2017
AUSTRALIA,PAKISTAN,50,6,353,43.5,10,267,2017
AUSTRALIA,PAKISTAN,50,7,369,49.1,9,312,2017
ENGLAND,PAKISTAN,49.5,10,211,37.1,2,215,2017
INDIA,PAKISTAN,48,3,319,33.4,9,164,2017
SOUTH AFRICA,PAKISTAN,50,8,219,27,3,119,2017
SRI LANKA,PAKISTAN,48.2,10,208,42.3,3,209,2017
SRI LANKA,PAKISTAN,43.4,10,173,39,3,177,2017
SRI LANKA,PAKISTAN,49.2,10,236,44.5,7,237,2017
SRI LANKA,PAKISTAN,26.2,10,103,20.2,1,105,2017
WEST INDIES,PAKISTAN,50,9,233,43.1,4,236,2017
PAKISTAN,WEST INDIES,50,5,308,49,6,309,2017
PAKISTAN,INDIA,50,4,338,30.3,10,158,2017
PAKISTAN,AUSTRALIA,50,7,263,45,3,265,2017
PAKISTAN,SRI LANKA,50,6,292,50,8,209,2017
PAKISTAN,WEST INDIES,50,5,282,44.5,10,208,2017
PAKISTAN,SRI LANKA,50,9,219,48,10,187,2017
AFGHANISTAN,PAKISTAN,50,6,257,49.3,7,258,2018
BANGLADESH,PAKISTAN,48.5,10,239,50,9,202,2018
HONG KONG,PAKISTAN,37.1,10,116,23.4,2,120,2018
NEW ZEALAND,PAKISTAN,50,7,271,49,10,256,2018
NEW ZEALAND,PAKISTAN,50,7,315,30.1,6,166,2018
NEW ZEALAND,PAKISTAN,50,9,266,47.2,10,219,2018
NEW ZEALAND,PAKISTAN,50,10,257,27.2,10,74,2018
NEW ZEALAND,PAKISTAN,50,9,209,40.3,4,212,2018
ZIMBABWE,PAKISTAN,25.1,10,67,9.5,1,69,2018
ZIMBABWE,PAKISTAN,49.2,10,194,36,1,195,2018
PAKISTAN,ZIMBABWE,50,4,364,50,4,233,2018
PAKISTAN,INDIA,43.1,10,162,29,2,164,2018
PAKISTAN,INDIA,50,7,237,39.3,1,238,2018
PAKISTAN,ZIMBABWE,50,1,399,42.4,10,155,2018
PAKISTAN,ZIMBABWE,50,7,308,35,10,107,2018
PAKISTAN,NEW ZEALAND,50,9,246,23.5,2,151,2018
PAKISTAN,NEW ZEALAND,50,8,262,45.5,5,263,2018
PAKISTAN,NEW ZEALAND,50,8,279,6.5,1,35,2018
AUSTRALIA,PAKISTAN,50,7,277,50,8,271,2019
AUSTRALIA,PAKISTAN,50,6,266,44.4,10,186,2019
AUSTRALIA,PAKISTAN,50,7,327,50,7,307,2019
SOUTH AFRICA,PAKISTAN,50,2,266,49.1,5,267,2019
SOUTH AFRICA,PAKISTAN,41,10,164,31.3,2,168,2019
PAKISTAN,SOUTH AFRICA,45.5,10,203,42,5,207,2019
PAKISTAN,SOUTH AFRICA,50,8,240,40,3,241,2019
PAKISTAN,AUSTRALIA,50,5,280,49,2,281,2019
PAKISTAN,AUSTRALIA,50,7,284,47.5,2,285,2019
PAKISTAN,SOUTH AFRICA,50,6,317,33,2,187,2019
